id,titulo,autor,precio,cantidad,imagen
ankor-ultimo-principe,"Ankor, el último príncipe de la Atlántida",,1100.00,1,
dhammapada-senda-de-la-ley,Dhammapada — Senda de la Ley,,550.00,0,
el-alquimista,El alquimista,,900.00,0,
el-arte-de-vivir,El arte de vivir,,500.00,1,
el-ideal-secreto-templarios,El Ideal: Secreto de los Templarios D.S.G,,600.00,0,
el-poder-de-los-simbolos,El poder de los símbolos,,500.00,0,
el-regalo-de-la-musica,El regalo de la música,,1000.00,0,
estoicos,Estoicos,,900.00,0,
filosofia-para-vivir,Filosofía para vivir,,700.00,1,
guia-para-entender-platon,Guía para entender a Platón,,650.00,0,
invitation-to-think,An Invitation to Think,,800.00,2,
iso-reedicion-revisada-delia,ISO Reedición Revisada Delia S. G,,1200.00,0,
la-alquimia-de-la-pareja,La alquimia de la pareja,,750.00,0,
las-7-leyes-de-la-naturaleza,Las 7 leyes de la naturaleza,,800.00,0,
las-esferas-de-la-conciencia,Las esferas de la conciencia,,1450.00,13,
las-parabolas-del-buda,Las parábolas del Buda,,600.00,0,
los-espiritus-elementales,Los espíritus elementales,,750.00,0,
los-secretos-del-olimpo,Los secretos del Olimpo,,900.00,2,
manual-esfera,Manual Esfera,,1500.00,2,
memorion,Memorión,,550.00,0,
misterios-de-los-incas,Misterios de los Incas,,450.00,1,
moassy-el-perro,"Moassy, el perro",,800.00,0,
nacidos-para-triunfar,Nacidos para triunfar,,450.00,0,
para-conocerse-mejor,Para conocerse mejor,,700.00,1,
pitagoras-musica-esferas,Pitágoras — La música de las esferas,,1000.00,0,
poemas-epicos,Poemas épicos,,450.00,1,
poemas-filosoficos,Poemas filosóficos,,450.00,0,
que-hacemos-corazon-mente,¿Qué hacemos con el corazón y la mente?,,700.00,1,
reflexiones-de-un-filosofo,Reflexiones de un filósofo,,900.00,1,
